<font>
  <info face="font" size="14" bold="0" italic="0" charset="" unicode="" stretchH="100" smooth="1" aa="1" padding="2,2,2,2" spacing="0,0" outline="0"/>
  <common lineHeight="16" base="11" scaleW="14" scaleH="31" pages="1" packed="0"/>
  <pages>
    <page id="0" file="font.png"/>
  </pages>
  <chars count="2">
    <char id="74" x="2" y="2" width="8" height="13" xoffset="0" yoffset="0" xadvance="7" page="0" chnl="15"/>
    <char id="80" x="2" y="17" width="10" height="12" xoffset="1" yoffset="0" xadvance="9" page="0" chnl="15"/>
    <char id="32" x="0" y="0" width="0" height="0" xoffset="1" yoffset="0" xadvance="4" page="0" chnl="15"/>
  </chars>
  <kernings count="1">
    <kerning first="80" second="32" amount="0"/>
  </kernings>
</font>