<font>
  <info face="font" size="12" bold="0" italic="0" charset="" unicode="" stretchH="100" smooth="1" aa="1" padding="2,2,2,2" spacing="0,0" outline="0"/>
  <common lineHeight="13" base="9" scaleW="18" scaleH="94" pages="1" packed="0"/>
  <pages>
    <page id="0" file="font.png"/>
  </pages>
  <chars count="11">
    <char id="48" x="2" y="2" width="6" height="9" xoffset="0" yoffset="0" xadvance="7" page="0" chnl="15"/>
    <char id="49" x="2" y="13" width="4" height="9" xoffset="1" yoffset="0" xadvance="7" page="0" chnl="15"/>
    <char id="50" x="2" y="24" width="6" height="9" xoffset="0" yoffset="0" xadvance="7" page="0" chnl="15"/>
    <char id="51" x="8" y="13" width="6" height="9" xoffset="1" yoffset="0" xadvance="7" page="0" chnl="15"/>
    <char id="52" x="10" y="2" width="6" height="9" xoffset="0" yoffset="0" xadvance="7" page="0" chnl="15"/>
    <char id="53" x="2" y="35" width="6" height="9" xoffset="0" yoffset="0" xadvance="7" page="0" chnl="15"/>
    <char id="54" x="2" y="46" width="6" height="9" xoffset="0" yoffset="0" xadvance="7" page="0" chnl="15"/>
    <char id="55" x="2" y="57" width="6" height="9" xoffset="1" yoffset="0" xadvance="7" page="0" chnl="15"/>
    <char id="56" x="2" y="68" width="6" height="9" xoffset="0" yoffset="0" xadvance="7" page="0" chnl="15"/>
    <char id="57" x="2" y="79" width="6" height="9" xoffset="0" yoffset="0" xadvance="7" page="0" chnl="15"/>
    <char id="46" x="2" y="90" width="2" height="2" xoffset="1" yoffset="7" xadvance="3" page="0" chnl="15"/>
    <char id="32" x="0" y="0" width="0" height="0" xoffset="1" yoffset="7" xadvance="3" page="0" chnl="15"/>
  </chars>
  <kernings count="1">
    <kerning first="49" second="49" amount="-1"/>
  </kernings>
</font>