<font>
  <info face="font" size="72" bold="0" italic="0" charset="" unicode="" stretchH="100" smooth="1" aa="1" padding="2,2,2,2" spacing="0,0" outline="0"/>
  <common lineHeight="86" base="55" scaleW="346" scaleH="510" pages="1" packed="0"/>
  <pages>
    <page id="0" file="font.png"/>
  </pages>
  <chars count="52">
    <char id="97" x="2" y="2" width="34" height="42" xoffset="4" yoffset="15" xadvance="40" page="0" chnl="15"/>
    <char id="98" x="2" y="46" width="35" height="56" xoffset="5" yoffset="0" xadvance="42" page="0" chnl="15"/>
    <char id="99" x="38" y="2" width="33" height="42" xoffset="4" yoffset="15" xadvance="37" page="0" chnl="15"/>
    <char id="100" x="2" y="104" width="35" height="56" xoffset="4" yoffset="0" xadvance="42" page="0" chnl="15"/>
    <char id="101" x="2" y="162" width="35" height="42" xoffset="4" yoffset="15" xadvance="40" page="0" chnl="15"/>
    <char id="102" x="2" y="206" width="21" height="56" xoffset="2" yoffset="0" xadvance="22" page="0" chnl="15"/>
    <char id="103" x="2" y="264" width="35" height="56" xoffset="4" yoffset="15" xadvance="42" page="0" chnl="15"/>
    <char id="104" x="25" y="206" width="34" height="56" xoffset="5" yoffset="0" xadvance="42" page="0" chnl="15"/>
    <char id="105" x="39" y="46" width="10" height="55" xoffset="5" yoffset="1" xadvance="18" page="0" chnl="15"/>
    <char id="106" x="39" y="103" width="17" height="70" xoffset="1" yoffset="1" xadvance="21" page="0" chnl="15"/>
    <char id="107" x="51" y="46" width="35" height="55" xoffset="5" yoffset="0" xadvance="39" page="0" chnl="15"/>
    <char id="108" x="58" y="103" width="9" height="55" xoffset="5" yoffset="0" xadvance="18" page="0" chnl="15"/>
    <char id="109" x="73" y="2" width="56" height="41" xoffset="5" yoffset="15" xadvance="65" page="0" chnl="15"/>
    <char id="110" x="58" y="160" width="34" height="41" xoffset="5" yoffset="15" xadvance="42" page="0" chnl="15"/>
    <char id="111" x="69" y="103" width="35" height="42" xoffset="4" yoffset="15" xadvance="40" page="0" chnl="15"/>
    <char id="112" x="88" y="45" width="35" height="56" xoffset="5" yoffset="15" xadvance="42" page="0" chnl="15"/>
    <char id="113" x="2" y="322" width="35" height="56" xoffset="4" yoffset="15" xadvance="42" page="0" chnl="15"/>
    <char id="114" x="2" y="380" width="26" height="41" xoffset="5" yoffset="15" xadvance="31" page="0" chnl="15"/>
    <char id="115" x="2" y="423" width="33" height="42" xoffset="2" yoffset="15" xadvance="34" page="0" chnl="15"/>
    <char id="116" x="37" y="380" width="23" height="53" xoffset="2" yoffset="3" xadvance="24" page="0" chnl="15"/>
    <char id="117" x="2" y="467" width="34" height="41" xoffset="5" yoffset="15" xadvance="42" page="0" chnl="15"/>
    <char id="118" x="38" y="435" width="39" height="40" xoffset="1" yoffset="15" xadvance="38" page="0" chnl="15"/>
    <char id="119" x="39" y="264" width="50" height="40" xoffset="1" yoffset="15" xadvance="50" page="0" chnl="15"/>
    <char id="120" x="61" y="203" width="41" height="40" xoffset="1" yoffset="15" xadvance="40" page="0" chnl="15"/>
    <char id="121" x="94" y="147" width="39" height="54" xoffset="1" yoffset="15" xadvance="38" page="0" chnl="15"/>
    <char id="122" x="106" y="103" width="32" height="40" xoffset="4" yoffset="15" xadvance="38" page="0" chnl="15"/>
    <char id="65" x="125" y="45" width="49" height="52" xoffset="1" yoffset="4" xadvance="48" page="0" chnl="15"/>
    <char id="66" x="39" y="306" width="40" height="52" xoffset="6" yoffset="4" xadvance="46" page="0" chnl="15"/>
    <char id="67" x="62" y="360" width="43" height="54" xoffset="5" yoffset="3" xadvance="48" page="0" chnl="15"/>
    <char id="68" x="81" y="306" width="43" height="52" xoffset="6" yoffset="4" xadvance="51" page="0" chnl="15"/>
    <char id="69" x="91" y="245" width="34" height="52" xoffset="6" yoffset="4" xadvance="41" page="0" chnl="15"/>
    <char id="70" x="79" y="416" width="32" height="52" xoffset="6" yoffset="4" xadvance="38" page="0" chnl="15"/>
    <char id="71" x="107" y="360" width="44" height="54" xoffset="5" yoffset="3" xadvance="51" page="0" chnl="15"/>
    <char id="72" x="126" y="299" width="40" height="52" xoffset="6" yoffset="4" xadvance="49" page="0" chnl="15"/>
    <char id="73" x="127" y="203" width="10" height="52" xoffset="6" yoffset="4" xadvance="19" page="0" chnl="15"/>
    <char id="74" x="135" y="145" width="38" height="53" xoffset="1" yoffset="4" xadvance="41" page="0" chnl="15"/>
    <char id="75" x="113" y="416" width="41" height="52" xoffset="6" yoffset="4" xadvance="46" page="0" chnl="15"/>
    <char id="76" x="153" y="353" width="35" height="52" xoffset="6" yoffset="4" xadvance="40" page="0" chnl="15"/>
    <char id="77" x="139" y="200" width="50" height="52" xoffset="6" yoffset="4" xadvance="59" page="0" chnl="15"/>
    <char id="78" x="168" y="254" width="41" height="52" xoffset="6" yoffset="4" xadvance="49" page="0" chnl="15"/>
    <char id="79" x="175" y="99" width="46" height="54" xoffset="5" yoffset="3" xadvance="52" page="0" chnl="15"/>
    <char id="80" x="176" y="2" width="40" height="52" xoffset="6" yoffset="4" xadvance="46" page="0" chnl="15"/>
    <char id="81" x="218" y="2" width="46" height="57" xoffset="5" yoffset="3" xadvance="52" page="0" chnl="15"/>
    <char id="82" x="191" y="155" width="42" height="52" xoffset="6" yoffset="4" xadvance="47" page="0" chnl="15"/>
    <char id="83" x="223" y="61" width="43" height="53" xoffset="2" yoffset="3" xadvance="46" page="0" chnl="15"/>
    <char id="84" x="266" y="2" width="40" height="52" xoffset="2" yoffset="4" xadvance="41" page="0" chnl="15"/>
    <char id="85" x="156" y="407" width="40" height="53" xoffset="5" yoffset="4" xadvance="48" page="0" chnl="15"/>
    <char id="86" x="190" y="308" width="49" height="52" xoffset="1" yoffset="4" xadvance="48" page="0" chnl="15"/>
    <char id="87" x="211" y="209" width="64" height="52" xoffset="1" yoffset="4" xadvance="64" page="0" chnl="15"/>
    <char id="88" x="235" y="116" width="47" height="52" xoffset="1" yoffset="4" xadvance="47" page="0" chnl="15"/>
    <char id="89" x="268" y="56" width="47" height="52" xoffset="1" yoffset="4" xadvance="46" page="0" chnl="15"/>
    <char id="90" x="308" y="2" width="36" height="52" xoffset="4" yoffset="4" xadvance="43" page="0" chnl="15"/>
    <char id="32" x="0" y="0" width="0" height="0" xoffset="4" yoffset="4" xadvance="19" page="0" chnl="15"/>
  </chars>
  <kernings count="20">
    <kerning first="65" second="86" amount="-7"/>
    <kerning first="65" second="89" amount="-7"/>
    <kerning first="70" second="74" amount="-8"/>
    <kerning first="76" second="84" amount="-7"/>
    <kerning first="76" second="86" amount="-7"/>
    <kerning first="76" second="89" amount="-9"/>
    <kerning first="80" second="65" amount="-7"/>
    <kerning first="80" second="74" amount="-9"/>
    <kerning first="84" second="74" amount="-9"/>
    <kerning first="86" second="65" amount="-7"/>
    <kerning first="86" second="74" amount="-8"/>
    <kerning first="89" second="65" amount="-7"/>
    <kerning first="89" second="74" amount="-9"/>
    <kerning first="89" second="97" amount="-7"/>
    <kerning first="89" second="99" amount="-7"/>
    <kerning first="89" second="100" amount="-7"/>
    <kerning first="89" second="101" amount="-7"/>
    <kerning first="89" second="103" amount="-7"/>
    <kerning first="89" second="111" amount="-7"/>
    <kerning first="89" second="113" amount="-7"/>
  </kernings>
</font>